{
  "fileCountNotMatchedError": {
    "error_code": "100",
    "tech_mess": " Actual file count doesn't match with expected files count , Actual  {0} and expected {1}",
    "buss_mess": " Actual file count doesn't match with expected files count , Actual  {0} and expected {1}"
  },
  "issueWhileFindinglatestFileError": {
    "error_code": "101",
    "tech_mess": "Exception while finding latest file from raw layer : {0} ",
    "buss_mess": "Exception while finding latest file from raw layer : {0}"
  },
  "fileNotFoundError": {
    "error_code": "102",
    "tech_mess": "File Not Found, Exception while reading the file : {0}",
    "buss_mess": "File Not Found, Exception while reading the file : {0} "
  },
  "schemaValidationError": {
    "error_code": "103",
    "tech_mess": "Exception while validating the Schema : {0}",
    "buss_mess": "Exception while validating the Schema : {0}"
  },
  "transformationError": {
    "error_code": "104",
    "tech_mess": " Exception while Transforming inputDF : {0}",
    "buss_mess": " Exception while Transforming inputDF : {0}"
  },
  "addingfinYearAndMonthError": {
    "error_code": "105",
    "tech_mess": "Exception while Adding fin year and fin month Partitions : {0} ",
    "buss_mess": "Exception while Adding fin year and fin month Partitions : {0} "
  },
  "sourceVsTargetComparisonError": {
    "error_code": "106",
    "tech_mess": "Exception while comparing source and Target Dataframe ",
    "buss_mess": "Exception while comparing source and Target Dataframe "
  },
  "writeDataframeError": {
    "error_code": "107",
    "tech_mess": "Exception while writing Dataframe to Target : {0}",
    "buss_mess": "Exception while writing Dataframe to Target : {0}"
  },
  "readingTargetDFError": {
    "error_code": "108",
    "tech_mess": "Exception while reading Target Dataframe back for reconciliation: {0}",
    "buss_mess": "Exception while reading Target Dataframe back for reconciliation: {0}"
  },
  "dbInsertError": {
    "error_code": "109",
    "tech_mess": "Exception while writing to Database : {0}",
    "buss_mess": "Exception while writing to Database : {0}"
  },
  "recordCountMismatchError": {
    "error_code": "110",
    "tech_mess": "Source are Target record count didn't match Source Count : {0} and Target Count {1}",
    "buss_mess": "Source are Target record count didn't match Source Count : {0} and Target Count {1}"
  },
  "checkSumMismatchError": {
    "error_code": "111",
    "tech_mess": " checksum of Source and target didn't match",
    "buss_mess": " checksum of Source and target didn't match"
  },
  "configNotFoundError": {
    "error_code": "112",
    "tech_mess": "Config Not Found : {0}",
    "buss_mess": "Config Not Found : {0}"
  },
  "noIncrementalData": {
    "error_code": "113",
    "tech_mess": "Incremental data not found for the date {0} for file/table {1}",
    "buss_mess": "Incremental data not found for the date {0} for file/table {1}"
  },
  "invalidInputParams": {
    "error_code": "114",
    "tech_mess": "Invalid input params {0}",
    "buss_mess": "Invalid input params {0}"
  },
  "uncatchException": {
    "error_code": "115",
    "tech_mess": "unexpected Exception with error traceback : {0} ",
    "buss_mess": "unexpected Exception with error traceback : {0} "
  },
  "columnNameRenameError": {
    "error_code": "116",
    "tech_mess": "Exception while renaming the columns , Source Column list length : {0} and Target column list length : {1} ",
    "buss_mess": "Exception while renaming the columns , Source Column list length : {0} and Target column list length : {1} "
  },
  "columnCastError": {
    "error_code": "117",
    "tech_mess": "Exception while casting the columns , Column Name : {0} and target datatype : {1} ",
    "buss_mess": "Exception while casting the columns , Column Name : {0} and target datatype : {1} "
  },
  "scdError": {
    "error_code": "118",
    "tech_mess": "Exception while implementing SCD with exception :{0} ",
    "buss_mess": "Exception while implementing SCD with exception :{0} "
  },
  "delimitterMismatchError": {
    "error_code": "119",
    "tech_mess": "Exception while parsing the file, Expected delimitter is :{0} ",
    "buss_mess": "Exception while parsing the file, Expected delimitter is :{0} "
  },
  "dbReadError": {
    "error_code": "120",
    "tech_mess": "Exception while reading from Database for table : {0}",
    "buss_mess": "Exception while reading from Database for table : {0}"
  },
  "primaryKeyNotFoundError": {
    "error_code": "121",
    "tech_mess": "primary keys {0} are not available in the table :{1} ",
    "buss_mess": "primary keys {0} are not available in the table :{1} "
  },
  "primaryKeyInvalidError": {
    "error_code": "122",
    "tech_mess": "Primary Key combination {0} is Invalid! Produces duplicate values ",
    "buss_mess": "Primary Key combination {0} is Invalid! Produces duplicate values "
  },
  "InvalidDimValidationError": {
    "error_code": "123",
    "tech_mess": " Multiple Entries not found in Master Dim tables ",
    "buss_mess": " Multiple Entries not found in Master Dim tables "
  },
  "InvalidValue": {
    "error_code": "124",
    "tech_mess": " Invalid (Blank/Null/Incompatiable Data type) value came in Mandatory columns ",
    "buss_mess": " Invalid (Blank/Null/Incompatiable Data type) value came in Mandatory columns "
  },
  "DimHavingDuplicatesError": {
    "error_code": "125",
    "tech_mess": " Dimesnion table having duplicates for for tables : {0} ",
    "buss_mess": " Dimesnion table having duplicates for for tables : {0} "
  },
  "SrcFileSizeTooHighorLow": {
    "error_code": "126",
    "tech_mess": " Source file size is either too high or low for files : {0} ",
    "buss_mess": " Source file size is either too high or low for files : {0} "
  },
  "SLABreachError": {
    "error_code": "127",
    "tech_mess": " {0} File Not Received from Source for {1} Run ",
    "buss_mess": " {0} File Not Received from Source for {1} Run "
  },
  "InvalidAdjustmentData": {
    "error_code": "128",
    "tech_mess": "  Adjustment data is coming as 0 for {0} period ",
    "buss_mess": "  Adjustment data is coming as 0 for {0} period "
  },
  "readStreamException": {
    "error_code": "129",
    "tech_mess": "Exception while creating readStream ",
    "buss_mess": "Exception while creating readStream "
  },
  "triggerException": {
    "error_code": "130",
    "tech_mess": "Trigger is not defined for streaming data write ",
    "buss_mess": "Trigger is not defined for streaming data write "
  },
  "WriteStreamForEachBatch": {
    "error_code": "131",
    "tech_mess": "Exception occured during Foreachbatch ",
    "buss_mess": "Exception occured during Foreachbatch "
  },
  "WriteStreamException": {
    "error_code": "132",
    "tech_mess": "Exception while writing to {0} : {1} ",
    "buss_mess": "Exception while writing to {0} : {1} "
  },
  "schemaMismatchError": {
    "error_code": "133",
    "tech_mess": "Schema Mismatch detected for columns : {0}, while inserting into : {1}",
    "buss_mess": "Schema Mismatch detected for columns : {0}, while inserting into : {1}"
  }
}