{"M0-common-conf": {"use-case": "DataIntegration", "prcs-name": "raw_to_curated", "logging-level": "DEBUG"}, "M3-ingestion-load": {"type": "txt-batch-ingestion-process", "delimiter": ",", "header": "true", "sampling-ratio-schema-validation": "0.05", "data-profile": "false", "raw-path": "batchData/", "curated-path": "O4XyvQwT/", "target-dir": "Producer_details", "target-format": "parquet", "comment": "", "skippedRows": "0", "src_filename": "Producer_details.csv", "nullValue": "#MI", "file_schema": [{"col_name": "rec_src_nm", "default_value": null, "isNullable": true, "datatype": "string"}, {"col_name": "prty_role_tp_cd", "default_value": null, "isNullable": true, "datatype": "string"}, {"col_name": "prodr_role_cd", "default_value": null, "isNullable": true, "datatype": "string"}, {"col_name": "prodr_sub_cd", "default_value": null, "isNullable": true, "datatype": "int"}, {"col_name": "prod_name", "default_value": null, "isNullable": true, "datatype": "string"}, {"col_name": "as_of_datetime", "default_value": null, "isNullable": true, "datatype": "datetime"}, {"col_name": "prodr_nbr", "default_value": null, "isNullable": true, "datatype": "string"}, {"col_name": "org_nm", "default_value": null, "isNullable": true, "datatype": "string"}, {"col_name": "addr_1_txt", "default_value": null, "isNullable": true, "datatype": "string"}, {"col_name": "addr_2_txt", "default_value": null, "isNullable": true, "datatype": "string"}, {"col_name": "addr_3_txt", "default_value": null, "isNullable": true, "datatype": "string"}, {"col_name": "city_nm", "default_value": null, "isNullable": true, "datatype": "string"}, {"col_name": "cnty_nm", "default_value": null, "isNullable": true, "datatype": "string"}, {"col_name": "pstl_cd", "default_value": null, "isNullable": true, "datatype": "string"}, {"col_name": "rgn_cd", "default_value": null, "isNullable": true, "datatype": "int"}, {"col_name": "rgn_nm", "default_value": null, "isNullable": true, "datatype": "string"}, {"col_name": "ctry_cd", "default_value": null, "isNullable": true, "datatype": "string"}, {"col_name": "ctry_nm", "default_value": null, "isNullable": true, "datatype": "string"}, {"col_name": "unq_id", "default_value": null, "isNullable": true, "datatype": "int"}, {"col_name": "purpose", "default_value": null, "isNullable": true, "datatype": "string"}]}, "M5-rules-engine-process": {"type": "data-rules-engine-process", "multi-folder": "FALSE", "delimiter": "NA", "target-format": "parquet", "DATA-RULES": [{"pattern": "functional", "columnType": "Exact", "newcol": "prod_name", "col": "prod_name", "rule": "Remove Accent", "with": "removeaccent"}, {"pattern": "functional", "columnType": "Exact", "newcol": "prod_name_substr", "col": "prod_name", "rule": "Substring", "with": "substring", "start": "2", "length": "3"}, {"pattern": "functional", "columnType": "Exact", "newcol": "prodr_sub_cd_lpad", "col": "prodr_sub_cd", "rule": "Left Padding", "with": "lpad", "value": "0", "length": "8"}, {"pattern": "functional", "columnType": "Exact", "newcol": "prodr_sub_cd_rpad", "col": "prodr_sub_cd", "rule": "Right Padding", "with": "rpad", "value": "0", "length": "9"}, {"pattern": "functional", "columnType": "Exact", "newcol": "purpose", "col": "purpose", "rule": "Trim Double Quotes", "with": "trimdoublequotes"}]}}