{
	"D0-common-conf": {
		"use-case": "Data-Vault",
		"prcs-name": "clean_to_atomic",
		"logging-level": "DEBUG"
	},
	"D1-data-extract-process": {
		"type": "data-extract-process",
		"sourceList": [
			"source1"
		],
		"source1": {
			"type": "curated-zone",
			"read-type": "batch-date-single",
			"path": "producer/",
			"fileName": "srcdetails",
			"cols": [
				"rec_src_nm",
				"prty_role_tp_cd",
				"prodr_role_cd",
				"prodr_sub_cd",
				"prodr_nbr",
				"org_nm",
				"addr_1_txt",
				"addr_2_txt",
				"addr_3_txt",
				"city_nm",
				"cnty_nm",
				"pstl_cd",
				"rgn_cd",
				"rgn_nm",
				"ctry_cd",
				"ctry_nm",
				"unq_id"
			]
		}
	},
	"D2-data-transform-process": {
		"type": "data-transform-process",
		"transform-list": [
			"T1",
			"T2",
			"T3",
			"T4",
			"T5"
		],
		"T1": {
			"type": "col-alias",
			"def": {
				"ctry_cd": {
					"newName": "Country",
					"newType": "string"
				}
			}
		},
		"T2": {
			"type": "default-value",
			"def": {
				"Producer_Name": {
					"type": "STRING",
					"value": "Arrowhead",
					"tableName": ""
				}
			}
		},
		"T3": {
			"type": "derived-key-process",
			"def": {
				"key0": {
					"colName": "addr",
					"process": "concat_sep",
					"cols": [
						"addr_1_txt",
						"addr_2_txt",
						"addr_3_txt",
						"city_nm"
					],
					"seprator": ","
				},
				"key1": {
					"copy-col": "prodr_nbr",
					"colName": "new_copy",
					"process": "new-copy"
				},
				"key2": {
					"colName": "addr_1_txt1",
					"process": "upper",
					"colToUpper": "addr_1_txt"
				},
				"key3": {
					"substring_col": "prodr_role_cd",
					"colName": "prodr_role_cd1",
					"process": "substring",
					"start_index": "2",
					"length": "4"
				},
				"key4": {
					"colName": "prodr_nbr1",
					"process": "split",
					"split-col-name": "prodr_nbr",
					"delimiter": "e"
				}
			}
		},
		"T4": {
			"type": "drop-duplicates",
			"def": {
				"drop-duplicates-cols": [
					"org_nm"
				]
			}
		},
		"T5": {
			"type": "type-conversion",
			"def": {
				"newColName": "unq_id1",
				"dataType": "string",
				"colName": "unq_id"
			}
		}
	},
	"D9-load-enrich-process-delta": {
		"type": "load_enrich_process-delta",
		"mode-of-write": "append",
		"read-type": "full",
		"enrich-path": "/mnt/mountdatalake/idfdata/idfPOC/enrich/producer/",
		"partition-by": "CREATED_DATE",
		"target-format": "delta",
		"target-col-list": [
			"Producer_Name",
			"rec_src_nm",
			"prty_role_tp_cd",
			"prodr_role_cd",
			"prodr_sub_cd",
			"prodr_nbr",
			"org_nm",
			"addr",
			"addr_1_txt",
			"addr_2_txt",
			"addr_3_txt",
			"city_nm",
			"cnty_nm",
			"pstl_cd",
			"rgn_cd",
			"rgn_nm",
			"ctry_nm",
			"unq_id",
			"CURR_IND",
			"SNAPSHOT_BEG_DT",
			"SNAPSHOT_END_DT",
			"LOAD_TS",
			"LOAD_USERID",
			"UPD_TS",
			"UPD_USERID",
			"CREATED_DATE"
		],
		"target-schema": {
			"Producer_Name": {
				"colName": "Producer_Name",
				"type": "string"
			},
			"rec_src_nm": {
				"colName": "rec_src_nm",
				"type": "string"
			},
			"prty_role_tp_cd": {
				"colName": "prty_role_tp_cd",
				"type": "string"
			},
			"prodr_role_cd1": {
				"colName": "prodr_role_cd",
				"type": "string"
			},
			"prodr_sub_cd": {
				"colName": "prodr_sub_cd",
				"type": "int"
			},
			"prodr_nbr1": {
				"colName": "prodr_nbr",
				"type": "string"
			},
			"org_nm": {
				"colName": "org_nm",
				"type": "string"
			},
			"addr": {
				"colName": "addr",
				"type": "string"
			},
			"addr_1_txt1": {
				"colName": "addr_1_txt",
				"type": "string"
			},
			"addr_2_txt": {
				"colName": "addr_2_txt",
				"type": "string"
			},
			"addr_3_txt": {
				"colName": "addr_3_txt",
				"type": "string"
			},
			"city_nm": {
				"colName": "city_nm",
				"type": "string"
			},
			"cnty_nm": {
				"colName": "cnty_nm",
				"type": "string"
			},
			"pstl_cd": {
				"colName": "pstl_cd",
				"type": "string"
			},
			"rgn_cd": {
				"colName": "rgn_cd",
				"type": "string"
			},
			"rgn_nm": {
				"colName": "rgn_nm",
				"type": "int"
			},
			"ctry_nm": {
				"colName": "ctry_nm",
				"type": "string"
			},
			"unq_id": {
				"colName": "unq_id",
				"type": "string"
			},
			"CURR_IND": {
				"colName": "CURR_IND",
				"type": "string"
			},
			"SNAPSHOT_BEG_DT": {
				"colName": "SNAPSHOT_BEG_DT",
				"type": "date"
			},
			"SNAPSHOT_END_DT": {
				"colName": "SNAPSHOT_END_DT",
				"type": "date"
			},
			"LOAD_TS": {
				"colName": "LOAD_TS",
				"type": "timestamp"
			},
			"LOAD_USERID": {
				"colName": "LOAD_USERID",
				"type": "string"
			},
			"UPD_TS": {
				"colName": "UPD_TS",
				"type": "timestamp"
			},
			"UPD_USERID": {
				"colName": "UPD_USERID",
				"type": "string"
			},
			"CREATED_DATE": {
				"colName": "CREATED_DATE",
				"type": "string"
			}
		}
	}
}