{"M0-common-conf": {"use-case": "DataIntegration", "prcs-name": "raw_to_curated", "logging-level": "DEBUG"}, "M3-ingestion-load": {"type": "txt-batch-ingestion-process", "delimiter": ",", "header": "true", "sampling-ratio-schema-validation": "0.05", "data-profile": "false", "raw-path": "batchData/", "curated-path": "Q1rRAFXG/", "target-dir": "employeebranch", "target-format": "parquet", "comment": "", "skippedRows": "0", "src_filename": "employee_branch.csv", "nullValue": "#MI", "file_schema": [{"col_name": "EmpID", "default_value": null, "isNullable": true, "datatype": "int"}, {"col_name": "Branch", "default_value": null, "isNullable": true, "datatype": "string"}]}, "M5-rules-engine-process": {"type": "data-rules-engine-process", "multi-folder": "FALSE", "delimiter": "NA", "target-format": "parquet", "DATA-RULES": []}}